animal, home
bathroom, home
bathroom, home
bathroom, home
bathtub, home
bed, home
bicycle, home
bicycle, kasko
blurry, kasko
building, home
building, home
building, home
building, home
bus, kasko
cabinet, home
car, home
car, kasko
car, kasko
car, kasko
car, kasko
car, kasko
car, kasko
car, kasko
car, kasko
ceiling, home
ceiling, home
chair, home
city, kasko
coming, kasko
coming, kasko
covered, kasko
curtain, home
curtain, home
dog, kasko
driving, kasko
driving, kasko
driving, kasko
fire, kasko
floor, home
floor, home
floor, home
floor, home
floor, home
flower, home
furniture, home
gave, kasko
gold, kasko
grass, home
grass, home
grass, home
grass, kasko
grass, kasko
grass, kasko
grass, kasko
green, home
ground, home
ground, kasko
highway, kasko
highway, kasko
house, home
house, home
hydrant, kasko
indoor, home
indoor, home
indoor, home
indoor, home
indoor, home
indoor, kasko
keyboard, home
kitchen, home
light, kasko
living, home
living, home
living, home
mammal, kasko
man, kasko
man, kasko
mirror, kasko
monitor, home
nature, home
nature, kasko
nature, kasko
nature, kasko
outdoor, home
outdoor, home
outdoor, home
outdoor, home
outdoor, home
outdoor, kasko
outdoor, kasko
outdoor, kasko
outdoor, kasko
outdoor, kasko
outdoor, kasko
outdoor, kasko
outdoor, kasko
person, home
person, home
person, home
person, home
person, kasko
person, kasko
person, kasko
person, kasko
plant, home
plant, home
ramp, kasko
red, home
red, home
riding, kasko
road, home
road, kasko
road, kasko
road, kasko
road, kasko
road, kasko
road, kasko
rock, home
room, home
room, home
room, home
room, home
scene, kasko
scene, kasko
scene, kasko
scene, kasko
scene, kasko
shower, home
sign, home
skiing, kasko
sky, home
sky, home
sky, kasko
sky, kasko
sky, kasko
sky, kasko
sky, kasko
sky, kasko
smoke, kasko
smoke, kasko
snow, home
snow, kasko
snow, kasko
snow, kasko
snowboarding, kasko
sofa, home
spring, kasko
spring, kasko
steam, kasko
steam, kasko
stove, home
street, home
street, home
street, kasko
street, kasko
street, kasko
street, kasko
street, kasko
street, kasko
table, home
tear, kasko
tear, kasko
toilet, home
toilet, home
track, kasko
track, kasko
traffic, kasko
traffic, kasko
traffic, kasko
train, kasko
train, kasko
transport, kasko
transport, kasko
transport, kasko
transport, kasko
tree, home
tree, home
tree, home
tree, kasko
tree, kasko
tree, kasko
tree, kasko
tree, kasko
truck, kasko
truck, kasko
tub, home
walking, kasko
wall, home
wall, home
wall, home
wall, home
wall, home
way, kasko
way, kasko
way, kasko
way, kasko
way, kasko
weapon, kasko
weapon, kasko
weapon, kasko
window, home
window, home
window, home
window, kasko
wood, home
wooden, home
yellow, kasko